{
  "task_id": "element_stiffness_linear_elastic_1D",
  "llm_name": "gemini-2.5-pro",
  "matches_reference": true,
  "test_results": [
    {
      "test_case": 1,
      "inputs": [
        [
          0.0,
          1.0
        ],
        200000000000.0,
        0.01,
        2
      ],
      "reference_output": {
        "type": "ndarray",
        "shape": [
          2,
          2
        ],
        "data": [
          [
            2000000000.0,
            -2000000000.0
          ],
          [
            -2000000000.0,
            2000000000.0
          ]
        ]
      },
      "generated_output": {
        "type": "ndarray",
        "shape": [
          2,
          2
        ],
        "data": [
          [
            2000000000.0,
            -2000000000.0
          ],
          [
            -2000000000.0,
            2000000000.0
          ]
        ]
      },
      "match": true,
      "error": null
    },
    {
      "test_case": 2,
      "inputs": [
        [
          -1.0,
          1.0
        ],
        100000000000.0,
        0.02,
        3
      ],
      "reference_output": {
        "type": "ndarray",
        "shape": [
          2,
          2
        ],
        "data": [
          [
            1000000000.0,
            -1000000000.0
          ],
          [
            -1000000000.0,
            1000000000.0
          ]
        ]
      },
      "generated_output": {
        "type": "ndarray",
        "shape": [
          2,
          2
        ],
        "data": [
          [
            1000000000.0,
            -1000000000.0
          ],
          [
            -1000000000.0,
            1000000000.0
          ]
        ]
      },
      "match": true,
      "error": null
    },
    {
      "test_case": 3,
      "inputs": [
        [
          3.0,
          6.0
        ],
        70000000000.0,
        0.005,
        1
      ],
      "reference_output": {
        "type": "ndarray",
        "shape": [
          2,
          2
        ],
        "data": [
          [
            116666666.66666666,
            -116666666.66666666
          ],
          [
            -116666666.66666666,
            116666666.66666666
          ]
        ]
      },
      "generated_output": {
        "type": "ndarray",
        "shape": [
          2,
          2
        ],
        "data": [
          [
            116666666.66666666,
            -116666666.66666666
          ],
          [
            -116666666.66666666,
            116666666.66666666
          ]
        ]
      },
      "match": true,
      "error": null
    },
    {
      "test_case": 4,
      "inputs": [
        [
          5.0,
          2.0
        ],
        150000000000.0,
        0.008,
        2
      ],
      "reference_output": {
        "type": "ndarray",
        "shape": [
          2,
          2
        ],
        "data": [
          [
            -400000000.0,
            400000000.0
          ],
          [
            400000000.0,
            -400000000.0
          ]
        ]
      },
      "generated_output": {
        "type": "ndarray",
        "shape": [
          2,
          2
        ],
        "data": [
          [
            -400000000.0,
            400000000.0
          ],
          [
            400000000.0,
            -400000000.0
          ]
        ]
      },
      "match": true,
      "error": null
    },
    {
      "test_case": 5,
      "inputs": [
        [
          0.0,
          10.0
        ],
        10000000000.0,
        0.05,
        3
      ],
      "reference_output": {
        "type": "ndarray",
        "shape": [
          2,
          2
        ],
        "data": [
          [
            50000000.000000015,
            -50000000.000000015
          ],
          [
            -50000000.000000015,
            50000000.000000015
          ]
        ]
      },
      "generated_output": {
        "type": "ndarray",
        "shape": [
          2,
          2
        ],
        "data": [
          [
            50000000.0,
            -50000000.0
          ],
          [
            -50000000.0,
            50000000.0
          ]
        ]
      },
      "match": true,
      "error": null
    }
  ]
}