{
  "task_id": "MSA_3D_elastic_critical_load_CC1_H10_T3",
  "llm_name": "gemini-3-pro-preview",
  "matches_reference": false,
  "test_results": [
    {
      "test_case": 1,
      "inputs": [
        {
          "type": "ndarray",
          "shape": [
            2,
            3
          ],
          "data": [
            [
              0.0,
              0.0,
              0.0
            ],
            [
              0.0,
              0.0,
              1.0
            ]
          ]
        },
        [
          {
            "node_i": 0,
            "node_j": 1,
            "E": 100000.0,
            "nu": 0.3,
            "A": 0.12566370614359174,
            "I_y": 0.0012566370614359175,
            "I_z": 0.0012566370614359175,
            "J": 0.002513274122871835,
            "I_rho": 0.002513274122871835,
            "local_z": {
              "type": "ndarray",
              "shape": [
                3
              ],
              "data": [
                1.0,
                0.0,
                0.0
              ]
            }
          }
        ],
        {
          "0": [
            true,
            true,
            true,
            true,
            true,
            true
          ]
        },
        {
          "1": [
            0.0,
            0.0,
            -10.0,
            0.0,
            0.0,
            0.0
          ]
        }
      ],
      "reference_output": [
        31.239516044243288,
        {
          "type": "ndarray",
          "shape": [
            12
          ],
          "data": [
            0.0,
            0.0,
            0.0,
            0.0,
            0.0,
            0.0,
            0.5377677092116545,
            0.0,
            0.0,
            0.0,
            0.8430930499827699,
            0.0
          ]
        }
      ],
      "generated_output": [
        31.239516044243278,
        {
          "type": "ndarray",
          "shape": [
            12
          ],
          "data": [
            0.0,
            0.0,
            0.0,
            0.0,
            0.0,
            0.0,
            -0.5377677092116545,
            -0.0,
            -0.0,
            -0.0,
            -0.8430930499827699,
            -0.0
          ]
        }
      ],
      "match": false,
      "error": null
    },
    {
      "test_case": 2,
      "inputs": [
        {
          "type": "ndarray",
          "shape": [
            2,
            3
          ],
          "data": [
            [
              0.0,
              0.0,
              0.0
            ],
            [
              4.33,
              0.0,
              2.5
            ]
          ]
        },
        [
          {
            "node_i": 0,
            "node_j": 1,
            "E": 200000.0,
            "nu": 0.25,
            "A": 0.004,
            "I_y": 8.333333333333335e-07,
            "I_z": 2.133333333333334e-06,
            "J": 0.001,
            "I_rho": 0.001,
            "local_z": {
              "type": "ndarray",
              "shape": [
                3
              ],
              "data": [
                0.0,
                1.0,
                0.0
              ]
            }
          }
        ],
        {
          "0": [
            true,
            true,
            true,
            true,
            true,
            true
          ]
        },
        {
          "1": [
            -25.0,
            0.0,
            -43.3,
            0.0,
            0.0,
            0.0
          ]
        }
      ],
      "reference_output": [
        0.0003827213419027403,
        {
          "type": "ndarray",
          "shape": [
            12
          ],
          "data": [
            0.0,
            0.0,
            0.0,
            0.0,
            0.0,
            0.0,
            -0.0,
            0.9541892453173255,
            -0.0,
            -0.149734266998593,
            -0.0,
            0.25904156694852426
          ]
        }
      ],
      "generated_output": [
        0.00038275848992814647,
        {
          "type": "ndarray",
          "shape": [
            12
          ],
          "data": [
            0.0,
            0.0,
            0.0,
            0.0,
            0.0,
            0.0,
            0.0,
            -0.9541916403177123,
            0.0,
            0.1496013473593274,
            0.0,
            -0.25910953362635514
          ]
        }
      ],
      "match": false,
      "error": null
    },
    {
      "test_case": 3,
      "inputs": [
        {
          "type": "ndarray",
          "shape": [
            3,
            3
          ],
          "data": [
            [
              0.0,
              0.0,
              0.0
            ],
            [
              0.94,
              -0.34,
              0.94
            ],
            [
              1.88,
              -0.68,
              1.88
            ]
          ]
        },
        [
          {
            "node_i": 0,
            "node_j": 1,
            "E": 150000.0,
            "nu": 0.3,
            "A": 0.19634954084936207,
            "I_y": 0.0030679615757712823,
            "I_z": 0.0030679615757712823,
            "J": 0.006135923151542565,
            "I_rho": 0.006135923151542565,
            "local_z": {
              "type": "ndarray",
              "shape": [
                3
              ],
              "data": [
                1.0,
                0.0,
                0.0
              ]
            }
          },
          {
            "node_i": 1,
            "node_j": 2,
            "E": 150000.0,
            "nu": 0.3,
            "A": 0.19634954084936207,
            "I_y": 0.0030679615757712823,
            "I_z": 0.0030679615757712823,
            "J": 0.006135923151542565,
            "I_rho": 0.006135923151542565,
            "local_z": {
              "type": "ndarray",
              "shape": [
                3
              ],
              "data": [
                1.0,
                0.0,
                0.0
              ]
            }
          }
        ],
        {
          "0": [
            true,
            true,
            true,
            true,
            true,
            true
          ]
        },
        {
          "2": [
            -14.1,
            5.0,
            -14.1,
            0.0,
            0.0,
            0.0
          ]
        }
      ],
      "reference_output": [
        7.337795828209811,
        {
          "type": "ndarray",
          "shape": [
            18
          ],
          "data": [
            0.0,
            0.0,
            0.0,
            0.0,
            0.0,
            0.0,
            0.16491099167731235,
            1.4211561052822385e-10,
            -0.1649109916259086,
            0.055693016492499615,
            0.31249767434505654,
            0.05569301677916066,
            0.5630427687711856,
            4.852145258520066e-10,
            -0.5630427685956824,
            0.07902335200489348,
            0.4418447802885456,
            0.07902335241029554
          ]
        }
      ],
      "generated_output": [
        7.337851373027126,
        {
          "type": "ndarray",
          "shape": [
            18
          ],
          "data": [
            0.0,
            0.0,
            0.0,
            0.0,
            0.0,
            0.0,
            0.00916142714224634,
            -0.21606541395736803,
            -0.08731274708427306,
            0.23442850659896808,
            0.09132487476456815,
            -0.20139610508837838,
            0.031279068799749295,
            -0.7376934666930023,
            -0.29810436526317574,
            0.3315319734391306,
            0.12915287647407597,
            -0.28481710322510195
          ]
        }
      ],
      "match": false,
      "error": null
    },
    {
      "test_case": 4,
      "inputs": [
        {
          "type": "ndarray",
          "shape": [
            4,
            3
          ],