{
  "task_id": "elastic_critical_load_analysis_frame_3D",
  "llm_name": "gpt-5",
  "matches_reference": true,
  "test_results": [
    {
      "test_case": 1,
      "inputs": [
        {
          "type": "ndarray",
          "shape": [
            2,
            3
          ],
          "data": [
            [
              0.0,
              0.0,
              0.0
            ],
            [
              0.0,
              0.0,
              1.0
            ]
          ]
        },
        [
          {
            "node_i": 0,
            "node_j": 1,
            "E": 100000.0,
            "nu": 0.3,
            "A": 0.12566370614359174,
            "I_y": 0.0012566370614359175,
            "I_z": 0.0012566370614359175,
            "J": 0.002513274122871835,
            "I_rho": 0.002513274122871835,
            "local_z": {
              "type": "ndarray",
              "shape": [
                3
              ],
              "data": [
                1.0,
                0.0,
                0.0
              ]
            }
          }
        ],
        {
          "0": [
            true,
            true,
            true,
            true,
            true,
            true
          ]
        },
        {
          "1": [
            0.0,
            0.0,
            -10.0,
            0.0,
            0.0,
            0.0
          ]
        }
      ],
      "reference_output": [
        31.239516044243288,
        {
          "type": "ndarray",
          "shape": [
            12
          ],
          "data": [
            0.0,
            0.0,
            0.0,
            0.0,
            0.0,
            0.0,
            0.5377677092116545,
            0.0,
            0.0,
            0.0,
            0.8430930499827699,
            0.0
          ]
        }
      ],
      "generated_output": [
        31.239516044243288,
        {
          "type": "ndarray",
          "shape": [
            12
          ],
          "data": [
            0.0,
            0.0,
            0.0,
            0.0,
            0.0,
            0.0,
            0.5377677092116545,
            0.0,
            0.0,
            0.0,
            0.8430930499827699,
            0.0
          ]
        }
      ],
      "match": true,
      "error": null
    },
    {
      "test_case": 2,
      "inputs": [
        {
          "type": "ndarray",
          "shape": [
            2,
            3
          ],
          "data": [
            [
              0.0,
              0.0,
              0.0
            ],
            [
              4.33,
              0.0,
              2.5
            ]
          ]
        },
        [
          {
            "node_i": 0,
            "node_j": 1,
            "E": 200000.0,
            "nu": 0.25,
            "A": 0.004,
            "I_y": 8.333333333333335e-07,
            "I_z": 2.133333333333334e-06,
            "J": 0.001,
            "I_rho": 0.001,
            "local_z": {
              "type": "ndarray",
              "shape": [
                3
              ],
              "data": [
                0.0,
                1.0,
                0.0
              ]
            }
          }
        ],
        {
          "0": [
            true,
            true,
            true,
            true,
            true,
            true
          ]
        },
        {
          "1": [
            -25.0,
            0.0,
            -43.3,
            0.0,
            0.0,
            0.0
          ]
        }
      ],
      "reference_output": [
        0.00038272134190263114,
        {
          "type": "ndarray",
          "shape": [
            12
          ],
          "data": [
            0.0,
            0.0,
            0.0,
            0.0,
            0.0,
            0.0,
            -0.0,
            0.9541892453173247,
            -0.0,
            -0.14973426699859388,
            -0.0,
            0.25904156694852654
          ]
        }
      ],
      "generated_output": [
        0.00038272134190263114,
        {
          "type": "ndarray",
          "shape": [
            12
          ],
          "data": [
            0.0,
            0.0,
            0.0,
            0.0,
            0.0,
            0.0,
            -0.0,
            0.9541892453173247,
            -0.0,
            -0.14973426699859388,
            -0.0,
            0.25904156694852654
          ]
        }
      ],
      "match": true,
      "error": null
    },
    {
      "test_case": 3,
      "inputs": [
        {
          "type": "ndarray",
          "shape": [
            3,
            3
          ],
          "data": [
            [
              0.0,
              0.0,
              0.0
            ],
            [
              0.94,
              -0.34,
              0.94
            ],
            [
              1.88,
              -0.68,
              1.88
            ]
          ]
        },
        [
          {
            "node_i": 0,
            "node_j": 1,
            "E": 150000.0,
            "nu": 0.3,
            "A": 0.19634954084936207,
            "I_y": 0.0030679615757712823,
            "I_z": 0.0030679615757712823,
            "J": 0.006135923151542565,
            "I_rho": 0.006135923151542565,
            "local_z": {
              "type": "ndarray",
              "shape": [
                3
              ],
              "data": [
                1.0,
                0.0,
                0.0
              ]
            }
          },
          {
            "node_i": 1,
            "node_j": 2,
            "E": 150000.0,
            "nu": 0.3,
            "A": 0.19634954084936207,
            "I_y": 0.0030679615757712823,
            "I_z": 0.0030679615757712823,
            "J": 0.006135923151542565,
            "I_rho": 0.006135923151542565,
            "local_z": {
              "type": "ndarray",
              "shape": [
                3
              ],
              "data": [
                1.0,
                0.0,
                0.0
              ]
            }
          }
        ],
        {
          "0": [
            true,
            true,
            true,
            true,
            true,
            true
          ]
        },
        {
          "2": [
            -14.1,
            5.0,
            -14.1,
            0.0,
            0.0,
            0.0
          ]
        }
      ],
      "reference_output": [
        7.337795828210023,
        {
          "type": "ndarray",
          "shape": [
            18
          ],
          "data": [
            0.0,
            0.0,
            0.0,
            0.0,
            0.0,
            0.0,
            0.16491099165416323,
            1.4112741266450153e-11,
            -0.16491099164905884,
            0.055693016621596945,
            0.3124976743450568,
            0.05569301665006351,
            0.5630427686921481,
            4.818404600505263e-11,
            -0.56304276867472,
            0.07902335218746549,
            0.44184478028854496,
            0.07902335222772386
          ]
        }
      ],
      "generated_output": [
        7.337795828210023,
        {
          "type": "ndarray",
          "shape": [
            18
          ],
          "data": [
            0.0,
            0.0,
            0.0,
            0.0,
            0.0,
            0.0,
            0.16491099165416323,
            1.4112741266450153e-11,
            -0.16491099164905884,
            0.055693016621596945,
            0.3124976743450568,
            0.05569301665006351,
            0.5630427686921481,
            4.818404600505263e-11,
            -0.56304276867472,
            0.07902335218746549,
            0.44184478028854496,
            0.07902335222772386
          ]
        }
      ],
      "match": true,
      "error": null
    },
    {
      "test_case": 4,
      "inputs": [
        {
          "type": "ndarray",
          "shape": [
            4,
            3
          ],